time_s,scenario,endpoint,symbol,market,batch_size,success,status,attempts,latency_ms
0.08419966700603254,S1,fetch_price_list,005930,KR,3,1,200,1,84.1
0.29329562500061,S1,fetch_search_stock_info_list,AAPL,US,3,1,200,1,112.81
0.6838681670051301,S1,fetch_price_list,AAPL,US,3,1,200,1,170.08
0.703458584001055,S1,fetch_stock_info_list,005930,KR,3,1,200,2,378.42
0.8053740840041428,S1,fetch_search_stock_info_list,005930,KR,3,1,200,1,126.52
0.9305787500052247,S1,fetch_price_list,AAPL,US,3,1,200,1,89.26
1.1811298340035137,S1,fetch_price_list,005930,KR,3,1,200,1,179.58
1.3569772920018295,S1,fetch_price_list,AAPL,US,3,1,200,1,176.69
1.4365265000014915,S1,fetch_price_list,005930,KR,3,1,200,1,114.69
1.663679167002556,S1,fetch_stock_info_list,AAPL,US,3,1,200,1,166.66
1.8218378750025295,S1,fetch_stock_info_list,005930,KR,3,1,200,1,142.8
1.918778334002127,S1,fetch_stock_info_list,AAPL,US,3,1,200,1,96.8
2.126756000005116,S1,fetch_price_list,005930,KR,3,1,200,1,108.8
2.294941584004846,S1,fetch_stock_info_list,AAPL,US,3,1,200,1,125.14
2.5224903340058518,S1,fetch_price_list,005930,KR,3,1,200,1,198.55
2.6860913750060718,S1,fetch_price_list,AAPL,US,3,1,200,1,170.71
2.839931667003839,S1,fetch_stock_info_list,005930,KR,3,1,200,1,169.76
2.924422959004005,S1,fetch_stock_info_list,AAPL,US,3,1,200,1,91.24
3.148988291999558,S1,fetch_search_stock_info_list,005930,KR,3,1,200,1,141.9
3.3291384170006495,S1,fetch_stock_info_list,AAPL,US,3,1,200,1,153.22
3.459226500002842,S1,fetch_price_list,005930,KR,3,1,200,1,108.13
3.7289695420040516,S1,fetch_stock_info_list,AAPL,US,3,1,200,1,218.02
3.8432266250019893,S1,fetch_price_list,005930,KR,3,1,200,1,188.03
4.039766709000105,S1,fetch_price_list,AAPL,US,3,1,200,1,187.06
4.134355542002595,S1,fetch_price_list,005930,KR,3,1,200,1,131.91
4.242708750003658,S1,fetch_stock_info_list,AAPL,US,3,1,200,1,85.04
4.548012792001828,S1,fetch_stock_info_list,005930,KR,3,1,200,1,201.77
4.685238000005484,S1,fetch_search_stock_info_list,AAPL,US,3,1,200,1,168.66
4.815487375002704,S1,fetch_stock_info_list,005930,KR,3,1,200,1,136.09
4.94005833400297,S2,fetch_stock_info_list,005387,KR,3,1,200,1,115.86
4.967773333999503,S2,fetch_search_stock_info_list,000270,KR,3,1,200,1,143.59
4.987829334000708,S3,fetch_stock_info_list,314250,KR,3,1,200,1,135.11
4.99315700000443,S2,fetch_search_stock_info_list,001440,KR,3,1,200,1,168.97
5.048787375002576,S1,fetch_search_stock_info_list,AAPL,US,3,1,200,1,224.64
5.2136131250008475,S2,fetch_search_stock_info_list,030200,KR,3,1,200,1,194.24
5.406888709003397,S3,fetch_price_list,JEPQ,US,3,1,200,1,220.82
5.508804000004602,S3,fetch_search_stock_info_list,001450,KR,3,1,200,1,156.11
5.68964025000605,S3,fetch_price_list,487240,KR,3,1,200,1,170.25
5.81229658400116,S3,fetch_search_stock_info_list,005940,KR,3,1,200,1,126.26
5.952361417002976,S2,fetch_price_list,017670,KR,3,1,200,1,99.66
6.141950167002506,S3,fetch_search_stock_info_list,PEP,US,3,1,200,1,122.58
6.399647584003105,S3,fetch_search_stock_info_list,368590,KR,3,1,200,1,213.61
6.524911334003264,S3,fetch_stock_info_list,NVO,US,3,1,200,1,172.2
6.672620375000406,S3,fetch_stock_info_list,403870,KR,3,1,200,1,153.25
6.834732499999518,S2,fetch_price_list,091180,KR,3,1,200,1,148.69
6.983400959004939,S3,fetch_price_list,219480,KR,3,1,200,1,130.7
7.132411999999022,S3,fetch_stock_info_list,248070,KR,3,1,200,1,113.04
7.319692375000159,S3,fetch_search_stock_info_list,385540,KR,3,1,200,1,133.66
7.5169340840002405,S3,fetch_search_stock_info_list,009830,KR,3,1,200,1,164.19
7.688608542004658,S3,fetch_price_list,153130,KR,3,1,200,1,169.24
7.900861375004752,S3,fetch_search_stock_info_list,024110,KR,3,1,200,1,214.82
8.045974833999935,S3,fetch_price_list,T,US,3,1,200,1,193.28
8.137992084004509,S3,fetch_price_list,HPQ,US,3,1,200,1,118.62
8.339388959000644,S3,fetch_stock_info_list,TSLA,US,3,1,200,1,153.16
8.463175000004412,S3,fetch_stock_info_list,091180,KR,3,1,200,1,110.48
8.63229316700017,S3,fetch_search_stock_info_list,365550,KR,3,1,200,1,112.92
8.899209709001298,S3,fetch_search_stock_info_list,461260,KR,3,1,200,1,213.18
8.951279000000795,S3,fetch_search_stock_info_list,153130,KR,3,1,200,1,98.58
9.215142959001241,S3,fetch_stock_info_list,AAPL,US,3,1,200,1,195.78
9.353376292005123,S3,fetch_stock_info_list,APLE,US,3,1,200,1,167.34
9.555568458999915,S3,fetch_stock_info_list,017670,KR,3,1,200,1,202.87
9.632541375001892,S3,fetch_stock_info_list,PFE,US,3,1,200,1,113.17
9.796806000005745,S3,fetch_search_stock_info_list,005940,KR,3,1,200,1,110.77
10.068694708999828,S3,fetch_stock_info_list,035900,KR,3,1,200,1,216.0
10.116670458999579,S3,fetch_search_stock_info_list,010955,KR,3,1,200,1,97.31
10.360038209000777,S3,fetch_stock_info_list,HPQ,US,3,1,200,1,173.95
10.455612375000783,S2,fetch_search_stock_info_list,042670,KR,3,1,200,1,102.91
10.611939084003097,S3,fetch_stock_info_list,001440,KR,3,1,200,1,92.57
10.905637959003798,S3,fetch_stock_info_list,448300,KR,3,1,200,1,219.61
11.04979154200555,S3,fetch_price_list,035720,KR,3,1,200,1,197.09
11.162425041999086,S3,fetch_stock_info_list,NVO,US,3,1,200,1,143.06
11.397501084000396,S3,fetch_price_list,MU,US,3,1,200,1,211.47
11.448973042002763,S3,fetch_search_stock_info_list,469830,KR,3,1,200,1,96.28
11.616176667004765,S3,fetch_search_stock_info_list,PEP,US,3,1,200,1,96.8
11.839677584001038,S3,fetch_price_list,085620,KR,3,1,200,1,153.63
12.060629042003711,S3,fetch_stock_info_list,330590,KR,3,1,200,1,207.93
12.130517249999684,S3,fetch_stock_info_list,305540,KR,3,1,200,1,111.13
12.31675741700019,S3,fetch_search_stock_info_list,017670,KR,3,1,200,1,130.72
12.563759542004846,S3,fetch_stock_info_list,323410,KR,3,1,200,1,211.06
12.694583709002472,S3,fetch_search_stock_info_list,FORM,US,3,1,200,1,175.22
12.865438875000109,S3,fetch_search_stock_info_list,453810,KR,3,1,200,1,179.38
13.006247792000067,S3,fetch_stock_info_list,PFE,US,3,1,200,1,153.55
13.119415167006082,S3,fetch_search_stock_info_list,379780,KR,3,1,200,1,100.05
13.405552750002244,S3,fetch_search_stock_info_list,469830,KR,3,1,200,1,219.51
13.523139709002862,S3,fetch_stock_info_list,086790,KR,3,1,200,1,170.38
13.715472459000011,S3,fetch_price_list,272210,KR,3,1,200,1,196.11
13.840517584001645,S3,fetch_price_list,XLF,US,3,1,200,1,154.48
14.033025374999852,S2,fetch_search_stock_info_list,033640,KR,3,1,200,1,180.31
14.127867167000659,S3,fetch_price_list,403870,KR,3,1,200,1,108.5
14.29826045899972,S3,fetch_stock_info_list,465580,KR,3,1,200,1,112.22
14.530971125001088,S3,fetch_price_list,PLTR,US,3,1,200,1,178.24
14.600397292000707,S3,fetch_search_stock_info_list,033780,KR,3,1,200,1,81.03
14.903019625002344,S3,fetch_price_list,457480,KR,3,1,200,1,216.99
15.021973041999445,S3,fetch_price_list,316140,KR,3,1,200,1,169.28
15.156860625000263,S3,fetch_search_stock_info_list,006800,KR,3,1,200,1,137.49
15.389930875004211,S3,fetch_search_stock_info_list,494670,KR,3,1,200,1,203.88
15.486966791999293,S3,fetch_search_stock_info_list,010140,KR,3,1,200,1,134.27
15.64174804200593,S3,fetch_stock_info_list,SPLG,US,3,1,200,1,122.38
15.792743042002257,S3,fetch_stock_info_list,APLE,US,3,1,200,1,106.7
15.970703083999979,S3,fetch_price_list,XLF,US,3,1,200,1,117.82
16.186454000002414,S3,fetch_stock_info_list,457480,KR,3,1,200,1,167.07
16.38769795900589,S3,fetch_search_stock_info_list,271560,KR,3,1,200,1,201.66
16.42861450000055,S3,fetch_stock_info_list,442320,KR,3,1,200,1,75.92
16.69300900000235,S3,fetch_search_stock_info_list,NVO,US,3,1,200,1,173.64
16.76754545899894,S3,fetch_price_list,005940,KR,3,1,200,1,81.33
17.048984459004714,S3,fetch_stock_info_list,T,US,3,1,200,1,196.28
17.189041500001622,S3,fetch_stock_info_list,365340,KR,3,1,200,1,169.67
17.29019545900519,S3,fetch_stock_info_list,005387,KR,3,1,200,1,104.15
17.55328245900455,S3,fetch_search_stock_info_list,365340,KR,3,1,200,1,200.57
17.644566625000152,S3,fetch_price_list,368590,KR,3,1,200,1,125.2
17.79382970900042,S3,fetch_price_list,442320,KR,3,1,200,1,107.78
17.93006766700273,S3,fetch_price_list,MU,US,3,1,200,1,77.37
18.11973037500138,S3,fetch_stock_info_list,009830,KR,3,1,200,1,100.36
18.29993912500504,S3,fetch_price_list,005930,KR,3,1,200,1,113.83
18.460090833999857,S3,fetch_price_list,085620,KR,3,1,200,1,107.38
18.737471042004472,S3,fetch_price_list,105560,KR,3,1,200,1,218.1
18.867349625004863,S3,fetch_stock_info_list,329200,KR,3,1,200,1,181.26
18.93008091700176,S3,fetch_price_list,035900,KR,3,1,200,1,77.38
19.132051459004288,S3,fetch_price_list,042670,KR,3,1,200,1,112.69
19.528473709004174,S3,fetch_price_list,000270,KR,3,1,200,1,175.73
19.696493709001516,S3,fetch_price_list,442320,KR,3,1,200,1,177.13
19.74351816700073,S3,fetch_stock_info_list,AIG,US,3,1,200,2,557.48
19.90909525000461,S3,fetch_price_list,086790,KR,3,1,200,1,223.03
19.99042691700015,S3,fetch_search_stock_info_list,OXY,US,3,1,200,1,137.72
20.118493209003645,S3,fetch_search_stock_info_list,067310,KR,3,1,200,1,99.12
20.30076779200317,S3,fetch_price_list,042670,KR,3,1,200,1,114.74
20.544479875003162,S2,fetch_stock_info_list,305540,KR,3,1,200,1,191.77
20.61265991700202,S3,fetch_stock_info_list,305540,KR,3,1,200,1,93.26
20.89100908399996,S3,fetch_search_stock_info_list,PEP,US,3,1,200,1,204.97
20.98290637500031,S3,fetch_price_list,305540,KR,3,1,200,1,130.21
21.222657042002538,S3,fetch_stock_info_list,261240,KR,3,1,200,1,203.27
21.406979958999727,S2,fetch_price_list,316140,KR,3,1,200,1,220.95
21.554820208999445,S3,fetch_price_list,091180,KR,3,1,200,1,202.12
21.69362062500295,S3,fetch_search_stock_info_list,305540,KR,3,1,200,1,174.23
21.876723959001538,S3,fetch_search_stock_info_list,SPLG,US,3,1,200,1,190.69
22.001521959005913,S3,fetch_stock_info_list,AAPL,US,3,1,200,1,148.82
22.177550917003828,S3,fetch_price_list,494670,KR,3,1,200,1,158.19
22.53145795900491,S3,fetch_price_list,001440,KR,3,1,200,1,178.73
22.731620000005933,S3,fetch_price_list,ARM,US,3,1,200,1,212.25
22.839038542006165,S3,fetch_search_stock_info_list,OXY,US,3,1,200,2,652.98
22.873475459004112,S3,fetch_search_stock_info_list,001440,KR,3,1,200,1,187.37
23.017216334003024,S3,fetch_search_stock_info_list,ARCC,US,3,1,200,1,164.49
23.1700440420027,S3,fetch_search_stock_info_list,379780,KR,3,1,200,1,150.67
23.376184749999084,S3,fetch_stock_info_list,035720,KR,3,1,200,1,190.15
23.556629042002896,S3,fetch_stock_info_list,271560,KR,3,1,200,1,203.93
23.594887875005952,S3,fetch_search_stock_info_list,005387,KR,3,1,200,1,75.51
23.760186125000473,S3,fetch_stock_info_list,461260,KR,3,1,200,1,74.15
23.938173709000694,S3,fetch_stock_info_list,042670,KR,3,1,200,1,85.48
24.159698750001553,S3,fetch_search_stock_info_list,429000,KR,3,1,200,1,140.33
24.277075292004156,S3,fetch_search_stock_info_list,314250,KR,3,1,200,1,91.05
24.506950750001124,S3,fetch_price_list,153130,KR,3,1,200,1,154.2
24.733332250005333,S3,fetch_stock_info_list,453810,KR,3,1,200,1,213.96
24.823186624998925,S3,fetch_price_list,432320,KR,3,1,200,1,137.15
24.943440792005276,S3,fetch_search_stock_info_list,030200,KR,3,1,200,1,90.71
25.181168417002482,S3,fetch_search_stock_info_list,010955,KR,3,1,200,1,161.79
25.29202662500029,S3,fetch_search_stock_info_list,316140,KR,3,1,200,1,106.0
25.455602542002453,S3,fetch_stock_info_list,BXSL,US,3,1,200,1,102.88
25.683613875000447,S3,fetch_search_stock_info_list,465580,KR,3,1,200,1,164.24
25.802469500005827,S3,fetch_search_stock_info_list,AIG,US,3,1,200,1,116.38
26.006235334003577,S2,fetch_price_list,271560,KR,3,1,200,1,153.53
26.115081042000384,S3,fetch_price_list,AAPL,US,3,1,200,1,95.71
26.278601750003872,S3,fetch_price_list,432320,KR,3,1,200,1,92.57
26.504659834004997,S3,fetch_search_stock_info_list,105560,KR,3,1,200,1,151.95
26.680125541999587,S3,fetch_search_stock_info_list,030200,KR,3,1,200,1,160.76
26.799244834001,S3,fetch_search_stock_info_list,PLTR,US,3,1,200,1,113.18
27.020633167005144,S3,fetch_stock_info_list,009830,KR,3,1,200,1,167.94
27.205619792002835,S3,fetch_search_stock_info_list,461260,KR,3,1,200,1,186.23
27.27734129199962,S3,fetch_stock_info_list,436140,KR,3,1,200,1,91.31
27.57182004200149,S3,fetch_stock_info_list,IEF,US,3,1,200,1,219.12
27.59396900000138,S2,fetch_price_list,105560,KR,3,1,200,1,74.61
27.869664500001818,S3,fetch_price_list,448300,KR,3,1,200,1,183.61
27.989309542004776,S3,fetch_price_list,TSLA,US,3,1,200,1,136.61
28.20715566700528,S3,fetch_stock_info_list,COF-N,US,3,1,200,1,187.79
28.263786041999992,S3,fetch_stock_info_list,267250,KR,3,1,200,1,77.75
28.507665959004953,S3,fetch_price_list,AIG,US,3,1,200,1,154.96
28.69225612500304,S3,fetch_search_stock_info_list,457480,KR,3,1,200,1,172.76
28.881100083999627,S3,fetch_search_stock_info_list,HPQ,US,3,1,200,1,195.07
28.951007542003936,S3,fetch_search_stock_info_list,436140,KR,3,1,200,1,98.28
29.217045750003308,S3,fetch_search_stock_info_list,001440,KR,3,1,200,1,197.68
29.399410167003225,S2,fetch_stock_info_list,248070,KR,3,1,200,1,213.38
29.477389584004413,S3,fetch_search_stock_info_list,360200,KR,3,1,200,1,124.69
29.63167650000105,S3,fetch_stock_info_list,005940,KR,3,1,200,1,112.31
29.82321008400322,S3,fetch_stock_info_list,BAC,US,3,1,200,1,137.16
30.197396375006065,S2,fetch_search_stock_info_list,009830,KR,3,1,200,1,178.0
30.303631875001884,S3,fetch_stock_info_list,BTI,US,3,1,200,1,117.6
30.454485250003927,S3,fetch_search_stock_info_list,042670,KR,3,1,200,2,601.78
30.53063958400162,S3,fetch_price_list,ARM,US,3,1,200,1,177.89
30.629703584003437,S3,fetch_stock_info_list,323410,KR,3,1,200,1,110.34
30.801183042000048,S3,fetch_stock_info_list,MU,US,3,1,200,1,115.09
30.980320000002393,S3,fetch_search_stock_info_list,448300,KR,3,1,200,1,127.6
31.09621750000224,S3,fetch_price_list,TSLA,US,3,1,200,1,76.85
31.386451917001978,S3,fetch_search_stock_info_list,017670,KR,3,1,200,1,200.42
31.516104875001474,S3,fetch_stock_info_list,024110,KR,3,1,200,1,163.41
31.683803375002753,S3,fetch_search_stock_info_list,XLE,US,3,1,200,1,164.43
31.810313959002087,S3,fetch_price_list,314250,KR,3,1,200,1,124.27
32.066039750003256,S3,fetch_stock_info_list,314250,KR,3,1,200,1,213.34
32.12036391700531,S3,fetch_price_list,069620,KR,3,1,200,1,100.99
32.29728508400149,S3,fetch_search_stock_info_list,453810,KR,3,1,200,1,111.25
32.48389000000316,S3,fetch_stock_info_list,FORM,US,3,1,200,1,131.18
32.72581495900522,S3,fetch_price_list,436140,KR,3,1,200,1,206.45
32.80959704200359,S3,fetch_stock_info_list,360200,KR,3,1,200,1,123.56
33.06075370900362,S3,fetch_search_stock_info_list,461260,KR,3,1,200,1,208.05
33.163911250005185,S3,fetch_search_stock_info_list,379780,KR,3,1,200,1,144.53
33.40690912500577,S3,fetch_price_list,365550,KR,3,1,200,1,216.22
33.505300292003085,S3,fetch_price_list,PFE,US,3,1,200,1,152.59
33.67425745900255,S3,fetch_stock_info_list,030200,KR,3,1,200,1,154.89
33.79890975000308,S3,fetch_stock_info_list,385540,KR,3,1,200,1,112.88
34.01180633400509,S3,fetch_search_stock_info_list,033640,KR,3,1,200,1,159.11
34.13132158400549,S3,fetch_stock_info_list,469830,KR,3,1,200,1,111.86
34.270467834001465,S3,fetch_price_list,330590,KR,3,1,200,1,84.43
34.472505084006116,S3,fetch_price_list,BAC,US,3,1,200,1,119.8
34.63626233400282,S3,fetch_search_stock_info_list,011070,KR,3,1,200,1,116.89
34.7736245000051,S3,fetch_price_list,030200,KR,3,1,200,1,87.58
35.07351516700146,S3,fetch_search_stock_info_list,000270,KR,3,1,200,1,220.82
35.2336560420008,S3,fetch_search_stock_info_list,153130,KR,3,1,200,1,214.27
35.37520191700605,S3,fetch_search_stock_info_list,494670,KR,3,1,200,1,189.16
35.43015020900202,S3,fetch_stock_info_list,VNQ,US,3,1,200,1,77.42
35.59785708400159,S3,fetch_search_stock_info_list,032640,KR,3,1,200,1,78.49
35.77644137500465,S2,fetch_price_list,261240,KR,3,1,200,1,90.41
36.006656084005954,S3,fetch_price_list,030200,KR,3,1,200,1,153.95
36.10720350000338,S3,fetch_price_list,271560,KR,3,1,200,1,87.81
36.33169912500307,S3,fetch_price_list,469830,KR,3,1,200,1,145.59
36.507349250001425,S3,fetch_price_list,403870,KR,3,1,200,1,154.65
36.65113633400324,S3,fetch_stock_info_list,465580,KR,3,1,200,1,131.77
36.87192083400441,S3,fetch_stock_info_list,005387,KR,3,1,200,1,185.88
36.95630808400165,S3,fetch_stock_info_list,432320,KR,3,1,200,1,103.61
37.15618537500268,S3,fetch_search_stock_info_list,OXY,US,3,1,200,1,136.82
37.333580667000206,S2,fetch_search_stock_info_list,365340,KR,3,1,200,1,147.55
37.491743792001216,S3,fetch_search_stock_info_list,330590,KR,3,1,200,1,139.01
37.634177500003716,S3,fetch_stock_info_list,017670,KR,3,1,200,1,114.77
37.88352366700565,S3,fetch_price_list,IIPR,US,3,1,200,1,197.49
38.05794570900616,S3,fetch_price_list,000270,KR,3,1,200,1,205.25
38.14180941700033,S3,fetch_stock_info_list,248070,KR,3,1,200,1,122.45
38.27000679200137,S3,fetch_price_list,BAC,US,3,1,200,1,83.97
38.67844241700368,S3,fetch_stock_info_list,BXSL,US,3,1,200,1,159.08
38.79071387500153,S3,fetch_search_stock_info_list,BAC,US,3,1,200,1,104.6
38.82058225000219,S3,fetch_stock_info_list,010140,KR,3,1,200,2,467.88
39.012576167006046,S3,fetch_price_list,KR,US,3,1,200,1,159.8
39.2377217500034,S3,fetch_search_stock_info_list,055550,KR,3,1,200,1,218.28
39.3059551250044,S3,fetch_stock_info_list,COF-N,US,3,1,200,1,119.88
39.53518733400415,S3,fetch_price_list,033640,KR,3,1,200,1,182.48
39.63342945900513,S3,fetch_price_list,494670,KR,3,1,200,1,114.03
39.91097400000581,S3,fetch_search_stock_info_list,436140,KR,3,1,200,1,224.94
39.9618987089998,S3,fetch_stock_info_list,APLE,US,3,1,200,1,109.18
40.18419570900005,S3,fetch_stock_info_list,271560,KR,3,1,200,1,164.81
40.32634625000355,S3,fetch_price_list,271560,KR,3,1,200,1,140.08
40.4446472500058,S3,fetch_price_list,VNQ,US,3,1,200,1,91.95
40.70427220900456,S3,fetch_stock_info_list,385540,KR,3,1,200,1,184.9
40.768754084005195,S3,fetch_search_stock_info_list,429000,KR,3,1,200,1,82.72
41.03656412500277,S3,fetch_stock_info_list,248070,KR,3,1,200,1,183.86
41.161207709003065,S2,fetch_stock_info_list,314250,KR,3,1,200,1,141.84
41.26302670899895,S3,fetch_search_stock_info_list,429000,KR,3,1,200,1,76.95
41.490906999999424,S3,fetch_search_stock_info_list,365340,KR,3,1,200,1,138.21
41.70460579200153,S3,fetch_price_list,360200,KR,3,1,200,1,185.24
41.893902792005974,S3,fetch_price_list,MU,US,3,1,200,1,207.87
42.00576133400318,S3,fetch_search_stock_info_list,365340,KR,3,1,200,1,153.02
42.24112512500142,S3,fetch_stock_info_list,PFE,US,3,1,200,1,221.75
42.34651466700598,S3,fetch_price_list,316140,KR,3,1,200,1,160.44
42.57635308400495,S3,fetch_stock_info_list,VNQ,US,3,1,200,1,223.64
42.616059542000585,S3,fetch_search_stock_info_list,487240,KR,3,1,200,1,96.68
42.886398417002056,S3,fetch_price_list,KR,US,3,1,200,1,200.36
42.9317034590058,S3,fetch_price_list,261240,KR,3,1,200,1,78.99
43.227887459004705,S3,fetch_price_list,091180,KR,3,1,200,1,208.51
43.27806912500091,S3,fetch_stock_info_list,314250,KR,3,1,200,1,92.02
43.433495959005086,S3,fetch_search_stock_info_list,267250,KR,3,1,200,1,80.8
43.73030112500419,S3,fetch_price_list,219480,KR,3,1,200,1,210.93
43.80428450000181,S3,fetch_search_stock_info_list,035720,KR,3,1,200,1,118.25
43.938286084005085,S3,fetch_price_list,482730,KR,3,1,200,1,85.57
44.2186870000005,S2,fetch_stock_info_list,035720,KR,3,1,200,1,199.32
44.37661362500512,S3,fetch_stock_info_list,005387,KR,3,1,200,1,190.58
44.4964959170029,S3,fetch_search_stock_info_list,219480,KR,3,1,200,1,143.8
44.73115145900374,S3,fetch_stock_info_list,248070,KR,3,1,200,1,211.78
44.88064816700353,S3,fetch_price_list,IIPR,US,3,1,200,1,194.61
45.04165033400204,S3,fetch_price_list,IEF,US,3,1,200,1,188.93
45.17925304200617,S3,fetch_search_stock_info_list,005940,KR,3,1,200,1,159.87
45.33136999999988,S2,fetch_search_stock_info_list,010955,KR,3,1,200,1,145.34
45.43508779200056,S3,fetch_price_list,NVO,US,3,1,200,1,82.39
45.62201983400155,S3,fetch_price_list,330590,KR,3,1,200,1,102.63
45.84536733400455,S3,fetch_price_list,385540,KR,3,1,200,1,159.33
45.94167629200092,S3,fetch_stock_info_list,024110,KR,3,1,200,1,88.98
46.13494083400292,S3,fetch_price_list,368590,KR,3,1,200,1,115.54
46.31944654200197,S3,fetch_search_stock_info_list,457480,KR,3,1,200,1,133.41
46.50267604200053,S3,fetch_stock_info_list,005940,KR,3,1,200,1,149.97
46.72674137500144,S3,fetch_stock_info_list,316140,KR,3,1,200,1,207.37
46.845163584002876,S3,fetch_price_list,153130,KR,3,1,200,1,159.12
46.97313183400547,S3,fetch_search_stock_info_list,360200,KR,3,1,200,1,120.42
47.227483084003325,S2,fetch_stock_info_list,329200,KR,3,1,200,1,208.04
47.44182450000517,S3,fetch_stock_info_list,AMZN,US,3,1,200,1,89.12
47.61857137500192,S3,fetch_search_stock_info_list,AMZN,US,3,1,200,2,432.54
47.726487709005596,S3,fetch_price_list,272210,KR,3,1,200,1,207.12
47.81082762500591,S3,fetch_stock_info_list,AMZN,US,3,1,200,1,124.78
47.99161258400272,S3,fetch_price_list,WBTN,US,3,1,200,1,138.91
48.21003175000078,S3,fetch_stock_info_list,011070,KR,3,1,200,1,190.62
48.378332874999614,S3,fetch_price_list,105560,KR,3,1,200,1,192.29
48.44169220900221,S3,fetch_stock_info_list,BTI,US,3,1,200,1,88.91
48.72214095900563,S3,fetch_search_stock_info_list,442320,KR,3,1,200,1,202.76
48.782069084001705,S3,fetch_stock_info_list,365340,KR,3,1,200,1,96.04
49.04592970900558,S3,fetch_stock_info_list,461260,KR,3,1,200,1,193.15
49.116001375005,S3,fetch_stock_info_list,WBTN,US,3,1,200,1,96.63
49.369861667000805,S3,fetch_stock_info_list,ARCC,US,3,1,200,1,183.83
49.43881487500039,S3,fetch_price_list,429000,KR,3,1,200,1,86.11
49.673578000001726,S3,fetch_stock_info_list,000270,KR,3,1,200,1,154.2
49.887407084002916,S2,fetch_search_stock_info_list,005940,KR,3,1,200,1,201.36
50.061515166999015,S3,fetch_search_stock_info_list,329200,KR,3,1,200,1,208.82
50.13666983400617,S3,fetch_search_stock_info_list,069620,KR,3,1,200,1,117.3
50.335915167001076,S2,fetch_search_stock_info_list,360200,KR,3,1,200,1,149.88
50.49902962500346,S3,fetch_stock_info_list,IIPR,US,3,1,200,1,146.32
50.62919416700606,S3,fetch_search_stock_info_list,314250,KR,3,1,200,1,109.8
50.88152987500507,S3,fetch_stock_info_list,AIG,US,3,1,200,1,195.5
51.02119579200371,S3,fetch_stock_info_list,PFE,US,3,1,200,1,168.5
51.190585542004555,S3,fetch_price_list,482730,KR,3,1,200,1,171.22
51.3170786250048,S3,fetch_price_list,009830,KR,3,1,200,1,131.04
51.47673558400129,S3,fetch_search_stock_info_list,105560,KR,3,1,200,1,124.02
51.7101607920049,S3,fetch_search_stock_info_list,035900,KR,3,1,200,1,190.78
51.801759917005256,S3,fetch_stock_info_list,AAPL,US,3,1,200,1,115.72
52.02282083400496,S3,fetch_price_list,105560,KR,3,1,200,1,170.11
52.14491491700028,S3,fetch_search_stock_info_list,TSLA,US,3,1,200,1,125.55
52.32420154200372,S3,fetch_price_list,010955,KR,3,1,200,1,138.16
52.48458125000616,S3,fetch_price_list,403870,KR,3,1,200,1,131.87
52.71394708400476,S3,fetch_search_stock_info_list,033640,KR,3,1,200,1,194.54
52.79953658400336,S3,fetch_search_stock_info_list,482730,KR,3,1,200,1,113.5
52.924457125001936,S3,fetch_stock_info_list,TSLA,US,3,1,200,1,71.73
53.293056624999736,S3,fetch_search_stock_info_list,085620,KR,3,1,200,1,107.0
53.47518929200305,S3,fetch_stock_info_list,067310,KR,3,1,200,2,455.78
53.50132429200312,S3,fetch_search_stock_info_list,ARM,US,3,1,200,1,148.61
53.669441500001994,S3,fetch_search_stock_info_list,XLE,US,3,1,200,1,150.08
53.78616225000587,S3,fetch_search_stock_info_list,482730,KR,3,1,200,1,100.09
54.075867250001465,S3,fetch_stock_info_list,010140,KR,3,1,200,1,223.16
54.18776220900327,S3,fetch_search_stock_info_list,271560,KR,3,1,200,1,168.39
54.31043595899973,S3,fetch_search_stock_info_list,138040,KR,3,1,200,1,124.4
54.48638808400574,S3,fetch_stock_info_list,365550,KR,3,1,200,1,133.68
54.65455125000153,S3,fetch_price_list,267250,KR,3,1,200,1,135.14
54.77197166700353,S3,fetch_search_stock_info_list,360200,KR,3,1,200,1,85.94
55.02492462500231,S3,fetch_stock_info_list,000370,KR,3,1,200,1,172.23
55.12905700000556,S3,fetch_price_list,261240,KR,3,1,200,1,109.64
55.28056633400411,S3,fetch_search_stock_info_list,403870,KR,3,1,200,1,94.53
55.596540000005916,S3,fetch_stock_info_list,368590,KR,3,1,200,1,77.17
55.8128539169993,S3,fetch_stock_info_list,AMZN,US,3,1,200,2,460.14
55.886663417004456,S3,fetch_price_list,033640,KR,3,1,200,1,200.63
56.031354292004835,S3,fetch_search_stock_info_list,461260,KR,3,1,200,1,178.66
56.11681062500429,S3,fetch_stock_info_list,261240,KR,3,1,200,1,97.44
56.410937500004366,S3,fetch_search_stock_info_list,005930,KR,3,1,200,1,224.89
56.57113529200433,S3,fetch_search_stock_info_list,OXY,US,3,1,200,1,218.43
56.684589500000584,S3,fetch_search_stock_info_list,006800,KR,3,1,200,1,165.22
56.79668433400366,S3,fetch_stock_info_list,000270,KR,3,1,200,1,110.65
57.04410279200238,S3,fetch_price_list,448300,KR,3,1,200,1,191.33
57.17013304200373,S3,fetch_search_stock_info_list,067310,KR,3,1,200,1,150.75
57.33428633400035,S3,fetch_price_list,033780,KR,3,1,200,1,148.25
57.5312497920022,S3,fetch_price_list,FORM,US,3,1,200,1,178.55
57.640543125002296,S3,fetch_stock_info_list,316140,KR,3,1,200,1,121.18
57.8468872500016,S3,fetch_search_stock_info_list,033780,KR,3,1,200,1,160.84
57.99108100000012,S3,fetch_search_stock_info_list,032640,KR,3,1,200,1,138.37
58.23010037500353,S3,fetch_stock_info_list,067310,KR,3,1,200,1,210.74
58.35023362500215,S3,fetch_stock_info_list,010955,KR,3,1,200,1,164.2
58.448406834002526,S3,fetch_search_stock_info_list,COF-N,US,3,1,200,1,95.71
58.64617425000324,S3,fetch_price_list,091180,KR,3,1,200,1,126.81
58.83857354200154,S3,fetch_search_stock_info_list,PEP,US,3,1,200,1,152.54
58.93276766700001,S3,fetch_stock_info_list,329200,KR,3,1,200,1,80.07
59.231495792002534,S3,fetch_stock_info_list,153130,KR,3,1,200,1,212.08
59.27505525000015,S3,fetch_search_stock_info_list,ARCC,US,3,1,200,1,89.02
59.57495608400495,S3,fetch_stock_info_list,IEF,US,3,1,200,1,222.21
59.74372362500435,S3,fetch_stock_info_list,085620,KR,3,1,200,1,224.36
59.843911625001056,S3,fetch_price_list,403870,KR,3,1,200,1,157.88
60.03542625000409,S3,fetch_price_list,T,US,3,1,200,1,182.71
60.21423208399938,S3,fetch_stock_info_list,442320,KR,3,1,200,1,194.86
60.35930437500065,S3,fetch_price_list,248070,KR,3,1,200,1,173.27
60.43060904199956,S3,fetch_stock_info_list,017670,KR,3,1,200,1,77.89
60.71246366700507,S3,fetch_stock_info_list,469830,KR,3,1,200,1,193.1
60.78248629200243,S3,fetch_stock_info_list,009830,KR,3,1,200,1,96.41
61.06840537500102,S3,fetch_search_stock_info_list,AMZN,US,3,1,200,1,215.7
61.22744700000476,S3,fetch_search_stock_info_list,TSLA,US,3,1,200,1,208.07
61.35645150000346,S3,fetch_price_list,JEPQ,US,3,1,200,1,170.41
61.43932954200136,S3,fetch_price_list,138040,KR,3,1,200,1,86.63
61.66172058400116,S3,fetch_stock_info_list,AIG,US,3,1,200,1,142.33
61.89862337500381,S3,fetch_search_stock_info_list,085620,KR,3,1,200,1,212.59
61.994831500000146,S3,fetch_stock_info_list,494670,KR,3,1,200,1,142.11
62.18259529200441,S3,fetch_search_stock_info_list,NVO,US,3,1,200,1,163.23
62.398315500002354,S3,fetch_stock_info_list,448300,KR,3,1,200,1,212.28
62.57056633400498,S3,fetch_stock_info_list,329200,KR,3,1,200,1,217.86
62.62709595900378,S3,fetch_price_list,055550,KR,3,1,200,1,107.71
62.81577266700333,S3,fetch_stock_info_list,385540,KR,3,1,200,1,129.72
62.97605391700199,S3,fetch_stock_info_list,465580,KR,3,1,200,1,123.36
63.23291241699917,S3,fetch_price_list,261240,KR,3,1,200,1,213.51
63.28667137500452,S3,fetch_stock_info_list,IIPR,US,3,1,200,1,100.64
63.547995375003666,S3,fetch_search_stock_info_list,SPLG,US,3,1,200,1,195.3
63.600751625002886,S3,fetch_price_list,PEP,US,3,1,200,1,81.34
63.82737425000232,S3,fetch_price_list,009830,KR,3,1,200,1,141.34
63.942126792004274,S3,fetch_search_stock_info_list,PLTR,US,3,1,200,1,89.42
64.21250833399972,S3,fetch_stock_info_list,000270,KR,3,1,200,1,193.13
64.26783891700325,S3,fetch_price_list,035720,KR,3,1,200,1,81.81
64.50857158400322,S3,fetch_price_list,469830,KR,3,1,200,1,155.87
64.67786108400469,S2,fetch_price_list,330590,KR,3,1,200,1,158.49
64.83860141700279,S2,fetch_search_stock_info_list,403870,KR,3,1,200,1,152.57
65.05846825000481,S3,fetch_stock_info_list,PLTR,US,3,1,200,1,205.75
65.17590858400217,S3,fetch_search_stock_info_list,432320,KR,3,1,200,1,156.54
65.33592120899993,S3,fetch_search_stock_info_list,011070,KR,3,1,200,1,149.89
65.52101708400005,S3,fetch_stock_info_list,OXY,US,3,1,200,1,168.3
65.64936195900373,S3,fetch_price_list,010955,KR,3,1,200,1,129.99
65.85823308399995,S3,fetch_stock_info_list,487240,KR,3,1,200,1,172.16
66.07043266700202,S3,fetch_stock_info_list,SPLG,US,3,1,200,1,217.73
66.16683987500437,S3,fetch_price_list,316140,KR,3,1,200,1,147.47
66.30288970900438,S3,fetch_price_list,457480,KR,3,1,200,1,116.84
66.5073346670033,S3,fetch_stock_info_list,105560,KR,3,1,200,1,154.61
66.72675420900487,S3,fetch_price_list,219480,KR,3,1,200,1,207.35
66.81264845900296,S3,fetch_price_list,HPQ,US,3,1,200,1,126.54
66.93978712500393,S3,fetch_search_stock_info_list,069620,KR,3,1,200,1,87.06
67.09868537500006,S3,fetch_stock_info_list,085620,KR,3,1,200,1,79.31
67.38363762500376,S3,fetch_price_list,MU,US,3,1,200,1,197.6
67.45307579200016,S3,fetch_price_list,494670,KR,3,1,200,1,100.37
67.61778854200384,S3,fetch_price_list,091180,KR,3,1,200,1,98.42
67.980967375006,S3,fetch_search_stock_info_list,FORM,US,3,1,200,1,128.27
68.21063179200428,S3,fetch_search_stock_info_list,XLF,US,3,1,200,1,191.27
68.37066404200596,S3,fetch_price_list,KR,US,3,1,200,2,684.63
68.38285391699901,S3,fetch_search_stock_info_list,042670,KR,3,1,200,1,196.79
68.48101887500525,S3,fetch_stock_info_list,BXSL,US,3,1,200,1,128.31
68.64343416700285,S3,fetch_price_list,PFE,US,3,1,200,1,124.07
69.12217320900527,S3,fetch_stock_info_list,AAPL,US,3,1,200,2,436.14
69.2265770840022,S3,fetch_price_list,017670,KR,3,1,200,1,207.17
69.30323245900217,S3,fetch_price_list,COF-N,US,3,1,200,2,450.53
69.4024344999998,S3,fetch_stock_info_list,365340,KR,3,1,200,1,216.29
69.54226758400182,S3,fetch_price_list,AMZN,US,3,1,200,1,189.57
69.68656162499974,S3,fetch_search_stock_info_list,PEP,US,3,1,200,1,167.19
69.89139612500003,S3,fetch_search_stock_info_list,001450,KR,3,1,200,1,205.34
70.04389829200227,S3,fetch_price_list,267250,KR,3,1,200,1,191.2
70.17541295900446,S3,fetch_search_stock_info_list,368590,KR,3,1,200,1,156.0
70.32357833400602,S3,fetch_stock_info_list,042670,KR,3,1,200,1,137.53
70.56167775000358,S3,fetch_search_stock_info_list,017670,KR,3,1,200,1,208.8
70.73721366700192,S3,fetch_price_list,NVO,US,3,1,200,1,217.83
70.8792529170023,S3,fetch_price_list,001440,KR,3,1,200,1,193.22
70.93738408400532,S3,fetch_price_list,465580,KR,3,1,200,1,84.69
71.23567162499967,S3,fetch_stock_info_list,APLE,US,3,1,200,1,216.3
71.33114962500258,S3,fetch_price_list,330590,KR,3,1,200,1,145.07
71.44982316700043,S3,fetch_search_stock_info_list,085620,KR,3,1,200,1,97.11
71.73741908400552,S3,fetch_search_stock_info_list,030200,KR,3,1,200,1,217.99
71.84716604200366,S3,fetch_price_list,XLE,US,3,1,200,1,161.13
72.01452108400554,S3,fetch_search_stock_info_list,272210,KR,3,1,200,1,161.81
72.15201262500341,S3,fetch_search_stock_info_list,453810,KR,3,1,200,1,132.63
72.35283091699966,S3,fetch_search_stock_info_list,035720,KR,3,1,200,1,166.79
72.4390603339998,S3,fetch_stock_info_list,COF-N,US,3,1,200,1,86.33
72.66397074999986,S3,fetch_search_stock_info_list,314250,KR,3,1,200,1,144.61
72.76210775000072,S3,fetch_search_stock_info_list,JEPQ,US,3,1,200,1,76.07
72.98550062499999,S3,fetch_price_list,KR,US,3,1,200,1,132.76
73.2343624999994,S3,fetch_price_list,487240,KR,3,1,200,1,215.0
73.31241604200477,S3,fetch_stock_info_list,033640,KR,3,1,200,1,126.35
73.49997920900205,S3,fetch_search_stock_info_list,005387,KR,3,1,200,1,147.21
73.65493683400564,S3,fetch_search_stock_info_list,AAPL,US,3,1,200,1,135.57
73.80085625000356,S3,fetch_search_stock_info_list,010955,KR,3,1,200,1,114.82
74.01376512500428,S3,fetch_stock_info_list,HPQ,US,3,1,200,1,161.06
74.14531733400509,S3,fetch_search_stock_info_list,457480,KR,3,1,200,1,125.95
74.33250208400568,S3,fetch_price_list,316140,KR,3,1,200,1,146.47
74.53988945900346,S3,fetch_price_list,033640,KR,3,1,200,1,187.19
74.71691020900471,S3,fetch_search_stock_info_list,429000,KR,3,1,200,1,197.51
74.81244054200215,S3,fetch_stock_info_list,005930,KR,3,1,200,1,126.41
74.9306487089998,S3,fetch_search_stock_info_list,379780,KR,3,1,200,1,77.93
75.15392541700567,S3,fetch_stock_info_list,305540,KR,3,1,200,1,134.55
75.348471917001,S3,fetch_search_stock_info_list,055550,KR,3,1,200,1,162.44
75.4970010840043,S3,fetch_stock_info_list,248070,KR,3,1,200,1,144.3
75.6808638750008,S3,fetch_search_stock_info_list,453810,KR,3,1,200,1,161.48
75.90219904200057,S3,fetch_stock_info_list,091180,KR,3,1,200,1,216.16
76.05906558400602,S3,fetch_stock_info_list,005930,KR,3,1,200,1,206.34
76.15888320900558,S3,fetch_stock_info_list,PEP,US,3,1,200,1,139.51
76.3891181670042,S3,fetch_stock_info_list,067310,KR,3,1,200,1,203.07
76.50221716700617,S3,fetch_price_list,006800,KR,3,1,200,1,149.52
76.64414537500124,S3,fetch_search_stock_info_list,001440,KR,3,1,200,1,124.74
76.77899433400307,S3,fetch_stock_info_list,011070,KR,3,1,200,1,92.95
77.03407279200474,S3,fetch_search_stock_info_list,KR,US,3,1,200,1,181.37
77.23618341700057,S3,fetch_search_stock_info_list,055550,KR,3,1,200,1,216.73
77.32464591700409,S3,fetch_stock_info_list,PLTR,US,3,1,200,1,138.61
77.48196579200157,S3,fetch_search_stock_info_list,JEPQ,US,3,1,200,1,129.27
77.73348325000552,S3,fetch_price_list,010955,KR,3,1,200,1,214.1
77.87848625000333,S3,fetch_search_stock_info_list,403870,KR,3,1,200,1,192.45
77.96354799999972,S3,fetch_price_list,OXY,US,3,1,200,1,110.84
78.2065970420008,S3,fetch_stock_info_list,138040,KR,3,1,200,1,187.23
78.34134099999937,S3,fetch_stock_info_list,329200,KR,3,1,200,1,155.28
78.43158829200547,S3,fetch_stock_info_list,091180,KR,3,1,200,1,78.89
78.67405508400407,S3,fetch_price_list,436140,KR,3,1,200,1,154.69
78.77754170900153,S3,fetch_search_stock_info_list,009830,KR,3,1,200,1,91.48
79.03886520900414,S3,fetch_stock_info_list,017670,KR,3,1,200,1,186.15
79.19571141699998,S3,fetch_stock_info_list,NVO,US,3,1,200,1,176.34
79.32087450000108,S3,fetch_search_stock_info_list,010140,KR,3,1,200,1,134.84
79.54861604200414,S3,fetch_stock_info_list,271560,KR,3,1,200,1,195.9
79.69501629200386,S3,fetch_search_stock_info_list,368590,KR,3,1,200,1,175.65
79.77514454199991,S3,fetch_search_stock_info_list,085620,KR,3,1,200,1,89.07
79.95209933400474,S3,fetch_price_list,HPQ,US,3,1,200,1,99.39
80.14111879200209,S3,fetch_price_list,009830,KR,3,1,200,1,121.74
80.29503420900437,S3,fetch_stock_info_list,WBTN,US,3,1,200,1,109.0
80.56552875000489,S3,fetch_price_list,005387,KR,3,1,200,1,212.72
80.5971274590047,S3,fetch_price_list,001440,KR,3,1,200,1,77.72
80.87911416700081,S3,fetch_search_stock_info_list,305540,KR,3,1,200,1,193.08
81.05103575000248,S3,fetch_search_stock_info_list,KR,US,3,1,200,1,198.34
81.18426008400274,S3,fetch_price_list,248070,KR,3,1,200,1,164.89
81.2930986670035,S3,fetch_search_stock_info_list,261240,KR,3,1,200,1,107.07
81.54348162500537,S3,fetch_stock_info_list,005387,KR,3,1,200,1,190.78
81.61221879200457,S3,fetch_search_stock_info_list,BAC,US,3,1,200,1,92.83
81.86985858400294,S3,fetch_stock_info_list,001440,KR,3,1,200,1,183.82
81.97184479200223,S3,fetch_price_list,248070,KR,3,1,200,1,119.15
82.16022112499923,S3,fetch_search_stock_info_list,316140,KR,3,1,200,1,140.84
82.3181553750037,S3,fetch_search_stock_info_list,323410,KR,3,1,200,1,132.08
82.47737716700067,S3,fetch_stock_info_list,033640,KR,3,1,200,1,124.67
82.70353108400013,S3,fetch_price_list,487240,KR,3,1,200,1,184.16
82.87533966699993,S3,fetch_price_list,432320,KR,3,1,200,1,189.31
82.9432126669999,S3,fetch_search_stock_info_list,219480,KR,3,1,200,1,90.51
83.13315695900383,S3,fetch_price_list,153130,KR,3,1,200,1,113.79
83.26159033400472,S3,fetch_stock_info_list,457480,KR,3,1,200,1,75.56
83.48994254200079,S3,fetch_price_list,067310,KR,3,1,200,1,137.24
83.74167983400548,S3,fetch_search_stock_info_list,305540,KR,3,1,200,1,222.31
83.85999070900289,S2,fetch_price_list,067310,KR,3,1,200,1,173.96
83.94015100000252,S3,fetch_stock_info_list,COF-N,US,3,1,200,1,87.45
84.22319416700338,S3,fetch_price_list,035720,KR,3,1,200,1,203.83
84.31194358400535,S3,fetch_price_list,360200,KR,3,1,200,1,125.89
84.44218833400373,S3,fetch_search_stock_info_list,000270,KR,3,1,200,1,89.48
84.72963641700335,S3,fetch_stock_info_list,033780,KR,3,1,200,1,210.23
84.82846475000406,S3,fetch_search_stock_info_list,271560,KR,3,1,200,1,142.43
84.98611900000105,S3,fetch_stock_info_list,000370,KR,3,1,200,1,133.37
85.19411083400337,S3,fetch_search_stock_info_list,442320,KR,3,1,200,1,174.72
85.39713300000585,S3,fetch_search_stock_info_list,429000,KR,3,1,200,1,211.04
85.43453808400227,S3,fetch_stock_info_list,432320,KR,3,1,200,1,81.84
85.71410854200076,S3,fetch_price_list,432320,KR,3,1,200,1,194.74
85.77753487500013,S3,fetch_stock_info_list,271560,KR,3,1,200,1,91.48
86.04859833400405,S2,fetch_price_list,085620,KR,3,1,200,1,195.86
86.1532713340057,S3,fetch_stock_info_list,261240,KR,3,1,200,1,133.9
86.32963254200149,S3,fetch_price_list,469830,KR,3,1,200,1,143.56
86.46819374999905,S3,fetch_search_stock_info_list,360200,KR,3,1,200,1,115.47
86.74059191700508,S3,fetch_stock_info_list,330590,KR,3,1,200,1,221.22
86.85745504200167,S3,fetch_search_stock_info_list,042670,KR,3,1,200,1,171.42
87.05246900000202,S2,fetch_stock_info_list,432320,KR,3,1,200,1,199.72
87.14708720899944,S3,fetch_price_list,314250,KR,3,1,200,1,127.72
87.27020608400198,S3,fetch_stock_info_list,487240,KR,3,1,200,1,84.17
87.50180900000123,S3,fetch_stock_info_list,TSLA,US,3,1,200,1,149.11
87.71640879200277,S3,fetch_search_stock_info_list,461260,KR,3,1,200,1,196.98
87.84085120900272,S3,fetch_price_list,HPQ,US,3,1,200,1,154.81
88.01501049999933,S3,fetch_search_stock_info_list,000270,KR,3,1,200,1,162.29
88.21524112499901,S3,fetch_stock_info_list,FORM,US,3,1,200,1,195.88
88.34413683399907,S3,fetch_stock_info_list,MU,US,3,1,200,1,158.09
88.53457529200386,S3,fetch_stock_info_list,KR,US,3,1,200,1,181.87
88.70758562500123,S3,fetch_price_list,033640,KR,3,1,200,1,188.22
88.8985150840017,S3,fetch_stock_info_list,IEF,US,3,1,200,1,212.44
89.0603524590042,S3,fetch_stock_info_list,BTI,US,3,1,200,1,207.65
89.23362687500048,S3,fetch_price_list,000370,KR,3,1,200,1,214.26
89.3190877090019,S3,fetch_search_stock_info_list,VNQ,US,3,1,200,1,133.06
89.49886933400558,S3,fetch_price_list,005387,KR,3,1,200,1,146.17
89.73253320900403,S3,fetch_search_stock_info_list,105560,KR,3,1,200,1,213.15
89.88065904199902,S3,fetch_search_stock_info_list,032640,KR,3,1,200,1,194.57
90.05146008400334,S3,fetch_search_stock_info_list,PLTR,US,3,1,200,1,198.75
90.19692537499941,S3,fetch_stock_info_list,ARM,US,3,1,200,1,177.56
90.40689958400617,S3,fetch_search_stock_info_list,OXY,US,3,1,200,1,220.87
90.49315870900318,S3,fetch_search_stock_info_list,AIG,US,3,1,200,1,140.46
90.64739787500002,S3,fetch_search_stock_info_list,030200,KR,3,1,200,1,128.03
90.87659979200544,S3,fetch_stock_info_list,AMZN,US,3,1,200,1,190.57
91.00158704200294,S3,fetch_stock_info_list,086790,KR,3,1,200,1,148.89
91.21844995900028,S3,fetch_stock_info_list,ARM,US,3,1,200,1,199.08
91.30108200000541,S3,fetch_stock_info_list,BXSL,US,3,1,200,1,115.0
91.43582420900202,S3,fetch_stock_info_list,PLTR,US,3,1,200,1,83.13
91.61847862500144,S3,fetch_search_stock_info_list,448300,KR,3,1,200,1,99.11
91.85090912500164,S3,fetch_stock_info_list,VNQ,US,3,1,200,1,164.88
92.05408166700363,S3,fetch_search_stock_info_list,448300,KR,3,1,200,1,201.38
92.22327637499984,S3,fetch_price_list,BXSL,US,3,1,200,1,203.9
92.26553687500564,S3,fetch_stock_info_list,T,US,3,1,200,1,79.49
92.49597229200299,S3,fetch_search_stock_info_list,436140,KR,3,1,200,1,143.27
92.71417054199992,S3,fetch_search_stock_info_list,453810,KR,3,1,200,1,194.81
92.82238862500526,S3,fetch_stock_info_list,T,US,3,1,200,1,136.35
93.06005150000419,S3,fetch_stock_info_list,360200,KR,3,1,200,1,207.35
93.11887395899976,S3,fetch_search_stock_info_list,024110,KR,3,1,200,1,99.48
93.3184332919991,S3,fetch_stock_info_list,067310,KR,3,1,200,1,132.4
93.46000708400243,S3,fetch_stock_info_list,138040,KR,3,1,200,1,107.3
93.65762745900429,S3,fetch_price_list,429000,KR,3,1,200,1,138.26
93.90355724999972,S3,fetch_price_list,138040,KR,3,1,200,1,217.52
93.99823412499973,S3,fetch_price_list,360200,KR,3,1,200,1,145.54
94.16850108400104,S3,fetch_stock_info_list,HPQ,US,3,1,200,1,149.13
94.30808108400379,S3,fetch_search_stock_info_list,006800,KR,3,1,200,1,122.05
94.54604566700436,S3,fetch_price_list,448300,KR,3,1,200,1,193.32
94.7116087500035,S3,fetch_price_list,017670,KR,3,1,200,1,192.24
94.7969450840028,S3,fetch_price_list,017670,KR,3,1,200,1,110.9
94.99282937500539,S3,fetch_search_stock_info_list,323410,KR,3,1,200,1,140.13
95.10952579200239,S3,fetch_stock_info_list,T,US,3,1,200,1,90.16
95.30636208400392,S3,fetch_stock_info_list,005387,KR,3,1,200,1,120.33
95.4605117500032,S3,fetch_search_stock_info_list,SPLG,US,3,1,200,1,107.81
95.65015129200037,S3,fetch_price_list,005940,KR,3,1,200,1,130.78
95.88902204199985,S3,fetch_price_list,IIPR,US,3,1,200,1,202.9
96.06457566700556,S3,fetch_stock_info_list,AIG,US,3,1,200,1,211.88
96.20064033400558,S3,fetch_stock_info_list,BTI,US,3,1,200,1,181.27
96.36862487500184,S3,fetch_stock_info_list,329200,KR,3,1,200,1,182.59
96.49775879200024,S3,fetch_search_stock_info_list,487240,KR,3,1,200,1,145.0
96.64259162500093,S3,fetch_price_list,261240,KR,3,1,200,1,123.22
96.87146541700349,S3,fetch_stock_info_list,005940,KR,3,1,200,1,185.4
97.05135862500174,S3,fetch_price_list,429000,KR,3,1,200,1,198.66
97.22026658400137,S3,fetch_price_list,453810,KR,3,1,200,1,200.9
97.3830026670039,S3,fetch_price_list,005940,KR,3,1,200,1,196.97
97.46207195900206,S3,fetch_search_stock_info_list,T,US,3,1,200,1,109.37
97.64127400000143,S3,fetch_price_list,NVO,US,3,1,200,1,121.82
97.86822625000059,S3,fetch_stock_info_list,091180,KR,3,1,200,1,182.19
98.00761120900279,S3,fetch_price_list,BAC,US,3,1,200,1,154.91
98.23620362500515,S3,fetch_search_stock_info_list,323410,KR,3,1,200,1,216.8
98.27427983400412,S3,fetch_stock_info_list,436140,KR,3,1,200,1,88.24
98.433365375,S3,fetch_search_stock_info_list,329200,KR,3,1,200,1,80.65
98.69926541700261,S3,fetch_search_stock_info_list,365550,KR,3,1,200,1,179.89
98.78644083400286,S3,fetch_price_list,368590,KR,3,1,200,1,100.4
99.13118662500347,S3,fetch_price_list,365340,KR,3,1,200,1,111.82
99.35340675000043,S3,fetch_stock_info_list,BTI,US,3,1,200,2,500.67
99.3649209590003,S3,fetch_stock_info_list,006800,KR,3,1,200,1,178.89
99.50710533399979,S3,fetch_stock_info_list,219480,KR,3,1,200,1,154.4
99.63722954200057,S3,fetch_price_list,009830,KR,3,1,200,1,117.82
99.86624991700228,S3,fetch_search_stock_info_list,219480,KR,3,1,200,1,180.21
99.99545620900608,S3,fetch_stock_info_list,314250,KR,3,1,200,1,142.74
100.12492458400084,S3,fetch_stock_info_list,105560,KR,3,1,200,1,105.56
100.28393420900102,S3,fetch_stock_info_list,AAPL,US,3,1,200,1,97.9
100.51504358400416,S3,fetch_price_list,436140,KR,3,1,200,1,162.34
100.63111716700223,S3,fetch_price_list,AIG,US,3,1,200,1,111.74
100.82715854200069,S3,fetch_stock_info_list,030200,KR,3,1,200,1,141.11
100.99785620900366,S3,fetch_stock_info_list,457480,KR,3,1,200,1,145.14
101.10071537500335,S2,fetch_search_stock_info_list,368590,KR,3,1,200,1,81.35
101.34604404200218,S3,fetch_stock_info_list,432320,KR,3,1,200,1,160.01
101.53909874999954,S3,fetch_price_list,042670,KR,3,1,200,1,186.34
101.70814204199996,S3,fetch_stock_info_list,AAPL,US,3,1,200,1,188.77
101.83650895900064,S3,fetch_price_list,AMZN,US,3,1,200,1,150.42
101.9896300840046,S3,fetch_search_stock_info_list,448300,KR,3,1,200,1,136.93
102.22077554200223,S3,fetch_price_list,MU,US,3,1,200,1,201.41
102.33341804200609,S3,fetch_stock_info_list,067310,KR,3,1,200,1,147.38
102.53604416700546,S3,fetch_search_stock_info_list,365340,KR,3,1,200,1,183.34
102.66660445900197,S3,fetch_stock_info_list,248070,KR,3,1,200,1,147.24
102.80275129200163,S3,fetch_search_stock_info_list,385540,KR,3,1,200,1,116.7
102.96606708400213,S3,fetch_stock_info_list,368590,KR,3,1,200,1,113.31
103.11455816700618,S3,fetch_stock_info_list,316140,KR,3,1,200,1,95.16
103.31776325000101,S3,fetch_stock_info_list,APLE,US,3,1,200,1,131.73
103.46977366700594,S3,fetch_price_list,PLTR,US,3,1,200,1,117.07
103.6550042500021,S2,fetch_search_stock_info_list,153130,KR,3,1,200,1,135.64
103.89751412500482,S3,fetch_price_list,005387,KR,3,1,200,1,211.48
103.93654491699999,S3,fetch_price_list,032640,KR,3,1,200,1,83.84
104.12425758400059,S3,fetch_stock_info_list,T,US,3,1,200,1,104.89
104.38395225000568,S3,fetch_search_stock_info_list,385540,KR,3,1,200,1,197.92
104.46200675,S3,fetch_stock_info_list,469830,KR,3,1,200,1,109.24
104.71857816700503,S3,fetch_search_stock_info_list,271560,KR,3,1,200,1,199.21
104.79567312500149,S3,fetch_stock_info_list,329200,KR,3,1,200,1,109.63
105.03997541699937,S3,fetch_stock_info_list,105560,KR,3,1,200,1,187.27
105.1433394170017,S3,fetch_price_list,487240,KR,3,1,200,1,123.94
105.29854158400121,S3,fetch_price_list,000270,KR,3,1,200,1,112.51
105.45529220900062,S3,fetch_search_stock_info_list,482730,KR,3,1,200,1,102.59
105.6511451250044,S3,fetch_stock_info_list,461260,KR,3,1,200,1,131.72
105.8260720420003,S3,fetch_search_stock_info_list,469830,KR,3,1,200,1,140.04
106.04994070900284,S3,fetch_price_list,368590,KR,3,1,200,1,197.23
106.11773454200011,S3,fetch_stock_info_list,042670,KR,3,1,200,1,98.36
106.2712412500041,S3,fetch_price_list,042670,KR,3,1,200,1,85.21
106.48072825000418,S4,fetch_stock_info_list,005930,KR,3,1,200,1,128.03
106.68802800000412,S3,fetch_stock_info_list,035720,KR,3,1,200,1,168.66
106.76922191700578,S3,fetch_price_list,035720,KR,3,1,200,1,83.17
107.0060782090004,S3,fetch_price_list,379780,KR,3,1,200,1,153.38
107.2120329169993,S3,fetch_stock_info_list,033640,KR,3,1,200,1,192.66
107.32948450000549,S3,fetch_search_stock_info_list,KR,US,3,1,200,1,143.44
107.46134920899931,S3,fetch_search_stock_info_list,219480,KR,3,1,200,1,108.65
107.70993654199992,S3,fetch_stock_info_list,429000,KR,3,1,200,1,190.57
107.87795608400484,S3,fetch_stock_info_list,MU,US,3,1,200,1,191.92
108.02979083399987,S3,fetch_stock_info_list,385540,KR,3,1,200,1,177.06
108.19059716700576,S3,fetch_search_stock_info_list,XLE,US,3,1,200,1,171.19
108.32506675000332,S3,fetch_search_stock_info_list,086790,KR,3,1,200,1,139.03
108.47521904200403,S3,fetch_price_list,000370,KR,3,1,200,1,122.52
108.65904829200008,S3,fetch_stock_info_list,PEP,US,3,1,200,1,139.68
108.80188804200588,S3,fetch_stock_info_list,BAC,US,3,1,200,1,115.82
108.99870941699919,S3,fetch_price_list,HPQ,US,3,1,200,1,146.0
109.09698225000466,S3,fetch_search_stock_info_list,429000,KR,3,1,200,1,77.61
109.27686312500009,S3,fetch_search_stock_info_list,010955,KR,3,1,200,1,90.83
109.42934512500506,S4,fetch_stock_info_list,005930,KR,3,1,200,1,76.64
109.63318533400161,S3,fetch_price_list,379780,KR,3,1,200,1,113.81
109.7922252089993,S3,fetch_search_stock_info_list,453810,KR,3,1,200,1,106.17
110.01070212500053,S3,fetch_search_stock_info_list,465580,KR,3,1,200,1,157.98
110.23573004200443,S3,fetch_price_list,330590,KR,3,1,200,1,216.37
110.36356633400283,S3,fetch_price_list,465580,KR,3,1,200,1,177.53
110.47817070900055,S3,fetch_price_list,010140,KR,3,1,200,1,125.4
110.61607637500128,S4,fetch_price_list,005930,KR,3,1,200,1,96.69
110.86099679200561,S4,fetch_stock_info_list,005930,KR,3,1,200,1,174.96
111.02676287500071,S3,fetch_search_stock_info_list,487240,KR,3,1,200,1,174.06
111.1356028750015,S3,fetch_price_list,ARM,US,3,1,200,1,116.24
111.38081933400099,S4,fetch_price_list,005930,KR,3,1,200,1,194.78
111.55679558400152,S3,fetch_stock_info_list,JEPQ,US,3,1,200,1,204.09
111.67295329199987,S4,fetch_stock_info_list,005930,KR,3,1,200,1,153.58
111.9049212500031,S3,fetch_price_list,011070,KR,3,1,200,1,218.89
112.0540424589999,S4,fetch_stock_info_list,005930,KR,3,1,200,1,201.3
112.20398341699911,S3,fetch_search_stock_info_list,TSLA,US,3,1,200,1,184.6
112.36611116700078,S3,fetch_stock_info_list,IEF,US,3,1,200,1,180.08
112.72565029199905,S3,fetch_price_list,AMZN,US,3,1,200,1,206.29
112.83205770900531,S3,fetch_stock_info_list,153130,KR,3,1,200,2,479.36
112.84359799999947,S3,fetch_price_list,469830,KR,3,1,200,1,157.56
113.04016741700616,S4,fetch_stock_info_list,066570,KR,3,1,200,1,187.47
113.20236137500615,S3,fetch_search_stock_info_list,069620,KR,3,1,200,1,183.0
113.40709562499978,S3,fetch_price_list,329200,KR,3,1,200,1,221.06
113.44163720900542,S3,fetch_stock_info_list,ARM,US,3,1,200,1,88.89
113.68831366700033,S3,fetch_price_list,403870,KR,3,1,200,1,168.95
113.80265283400513,S4,fetch_price_list,030200,KR,3,1,200,1,116.62
113.96097608400305,S3,fetch_price_list,305540,KR,3,1,200,1,108.27
114.15741370899923,S4,fetch_stock_info_list,005930,KR,3,1,200,1,138.03
114.37329808399954,S4,fetch_stock_info_list,005930,KR,3,1,200,1,187.21
114.50130183400324,S3,fetch_stock_info_list,T,US,3,1,200,1,148.6
114.6253095840002,S3,fetch_search_stock_info_list,AAPL,US,3,1,200,1,105.92
114.89239545899909,S3,fetch_search_stock_info_list,AIG,US,3,1,200,1,206.35
115.14205495900387,S3,fetch_price_list,448300,KR,3,1,200,1,122.69
115.27279870900384,S3,fetch_search_stock_info_list,482730,KR,3,1,200,2,420.1
115.36230725000496,S3,fetch_price_list,105560,KR,3,1,200,1,176.28
115.47047033400304,S4,fetch_stock_info_list,005930,KR,3,1,200,1,117.77
115.71265004200541,S3,fetch_stock_info_list,261240,KR,3,1,200,1,193.28
115.88428450000356,S4,fetch_stock_info_list,005940,KR,3,1,200,1,198.25
116.05308516700461,S3,fetch_search_stock_info_list,403870,KR,3,1,200,1,200.38
116.16437629199936,S3,fetch_price_list,494670,KR,3,1,200,1,145.01
116.29866333400423,S3,fetch_price_list,TSLA,US,3,1,200,1,112.63
116.45418366700324,S3,fetch_stock_info_list,453810,KR,3,1,200,1,101.48
116.68106962500315,S4,fetch_price_list,085620,KR,3,1,200,1,161.69
116.84615425000084,S3,fetch_search_stock_info_list,368590,KR,3,1,200,1,160.12
116.95585208400007,S4,fetch_price_list,323410,KR,3,1,200,1,103.14
117.15419012500206,S4,fetch_stock_info_list,005930,KR,3,1,200,1,134.83
117.32409491699946,S4,fetch_price_list,005930,KR,3,1,200,1,138.06
117.50853704200563,S4,fetch_stock_info_list,005930,KR,3,1,200,1,155.81
117.62701766700047,S3,fetch_stock_info_list,314250,KR,3,1,200,1,107.65
117.79850412499945,S3,fetch_search_stock_info_list,067310,KR,3,1,200,1,112.44
117.93040516700421,S4,fetch_stock_info_list,005930,KR,3,1,200,1,77.7
118.23573145900446,S4,fetch_price_list,005930,KR,3,1,200,1,216.36
118.38423508400592,S4,fetch_price_list,005930,KR,3,1,200,1,198.2
118.53300000000309,S4,fetch_price_list,005930,KR,3,1,200,1,180.3
118.61028770900157,S4,fetch_price_list,078930,KR,3,1,200,1,90.88
118.84378145899973,S4,fetch_price_list,005930,KR,3,1,200,1,157.75
118.94632370900217,S4,fetch_price_list,365550,KR,3,1,200,1,93.61
119.12047383400204,S3,fetch_stock_info_list,360200,KR,3,1,200,1,101.11
119.41012508400308,S3,fetch_search_stock_info_list,261240,KR,3,1,200,1,224.01
119.47979291700176,S3,fetch_stock_info_list,IIPR,US,3,1,200,1,127.03
119.62231025000074,S4,fetch_price_list,005930,KR,3,1,200,1,102.95
119.76611445900198,S3,fetch_stock_info_list,457480,KR,3,1,200,1,80.02
120.07180470900494,S3,fetch_search_stock_info_list,305540,KR,3,1,200,1,219.09
120.14013741700182,S4,fetch_stock_info_list,005930,KR,3,1,200,1,120.77
120.28418404200056,S3,fetch_search_stock_info_list,IIPR,US,3,1,200,1,98.15
120.43572604200017,S4,fetch_price_list,005930,KR,3,1,200,1,83.03
120.60244066700398,S3,fetch_stock_info_list,BAC,US,3,1,200,1,83.08
120.84444029199949,S3,fetch_search_stock_info_list,PLTR,US,3,1,200,1,158.4
121.00991408400296,S4,fetch_price_list,005930,KR,3,1,200,1,157.2
121.22423825000442,S4,fetch_price_list,005930,KR,3,1,200,1,204.87
121.28201208400424,S3,fetch_stock_info_list,030200,KR,3,1,200,1,95.96
121.44125479200011,S4,fetch_price_list,005930,KR,3,1,200,1,88.56
121.68986495900026,S4,fetch_stock_info_list,005930,KR,3,1,200,1,170.5
121.81696637500136,S3,fetch_search_stock_info_list,379780,KR,3,1,200,1,130.93
121.98860704200342,S3,fetch_search_stock_info_list,032640,KR,3,1,200,1,135.91
122.11388425000041,S3,fetch_price_list,AIG,US,3,1,200,1,94.52
122.39876887500577,S4,fetch_stock_info_list,005930,KR,3,1,200,1,212.74
122.46050483400177,S4,fetch_stock_info_list,005930,KR,3,1,200,1,107.8
122.60858487500082,S4,fetch_stock_info_list,005930,KR,3,1,200,1,89.22
122.77573187500093,S3,fetch_price_list,365550,KR,3,1,200,1,89.67
122.99226941700181,S3,fetch_stock_info_list,WBTN,US,3,1,200,1,139.57
123.22842933400534,S3,fetch_search_stock_info_list,005930,KR,3,1,200,1,209.05
123.32312100000127,S4,fetch_stock_info_list,403870,KR,3,1,200,1,136.92
123.48586550000618,S3,fetch_price_list,035900,KR,3,1,200,1,133.16
123.68111100000533,S3,fetch_stock_info_list,086790,KR,3,1,200,1,161.73
123.88016725000489,S3,fetch_search_stock_info_list,219480,KR,3,1,200,1,194.09
123.92488704200514,S3,fetch_price_list,153130,KR,3,1,200,1,72.11
124.19077870900219,S4,fetch_stock_info_list,005930,KR,3,1,200,1,171.4
124.279741792001,S3,fetch_stock_info_list,OXY,US,3,1,200,1,93.71
124.55510345900257,S3,fetch_price_list,248070,KR,3,1,200,1,202.4
124.73178420900513,S4,fetch_stock_info_list,005930,KR,3,1,200,1,212.41
124.77047775000392,S4,fetch_stock_info_list,005930,KR,3,1,200,1,84.44
124.95880479200423,S3,fetch_price_list,035900,KR,3,1,200,1,106.1
125.14954037500138,S3,fetch_price_list,KR,US,3,1,200,1,130.16
125.2612197500057,S3,fetch_stock_info_list,IIPR,US,3,1,200,1,75.14
125.52935154200532,S3,fetch_price_list,BAC,US,3,1,200,1,176.65
125.60253154200473,S3,fetch_price_list,010955,KR,3,1,200,1,83.15
125.81128083400108,S4,fetch_stock_info_list,005930,KR,3,1,200,1,125.25
126.04674166699988,S4,fetch_stock_info_list,005930,KR,3,1,200,1,194.04
126.23473895899951,S4,fetch_stock_info_list,036540,KR,3,1,200,1,215.35
126.28569337500085,S4,fetch_price_list,005930,KR,3,1,200,1,99.66
126.44844312500209,S3,fetch_stock_info_list,365340,KR,3,1,200,1,95.74
126.71199437500036,S3,fetch_stock_info_list,IIPR,US,3,1,200,1,192.6
126.85533712500182,S3,fetch_price_list,BAC,US,3,1,200,1,169.23
126.99756508400606,S4,fetch_price_list,005930,KR,3,1,200,1,144.85
127.12696879199939,S3,fetch_search_stock_info_list,272210,KR,3,1,200,1,107.6
127.4013843749999,S4,fetch_stock_info_list,005930,KR,3,1,200,1,215.35
127.54589091700473,S4,fetch_price_list,005930,KR,3,1,200,1,193.16
127.68833445900236,S4,fetch_price_list,005930,KR,3,1,200,1,168.97
127.83396762500342,S4,fetch_stock_info_list,005930,KR,3,1,200,1,147.93
128.07491537500027,S4,fetch_stock_info_list,016360,KR,3,1,200,1,222.22
128.21236329200474,S4,fetch_price_list,005930,KR,3,1,200,1,192.98
128.354865334004,S4,fetch_stock_info_list,005930,KR,3,1,200,1,168.83
128.48143354200147,S4,fetch_price_list,261240,KR,3,1,200,1,128.73
128.61375500000577,S4,fetch_stock_info_list,005930,KR,3,1,200,1,94.36
128.85090233400115,S4,fetch_price_list,005930,KR,3,1,200,1,164.87
129.03324966700166,S4,fetch_price_list,005930,KR,3,1,200,1,180.47
129.24303733400302,S3,fetch_price_list,024110,KR,3,1,200,1,223.66
129.408930084006,S3,fetch_price_list,330590,KR,3,1,200,1,222.87
129.52861154200218,S4,fetch_price_list,005930,KR,3,1,200,1,175.91
129.72235845900286,S4,fetch_price_list,005930,KR,3,1,200,1,202.99
129.88663704200007,S3,fetch_stock_info_list,465580,KR,3,1,200,1,200.6
130.04585841700464,S4,fetch_stock_info_list,005930,KR,3,1,200,1,193.16
130.2038851670004,S3,fetch_search_stock_info_list,KR,US,3,1,200,1,184.51
130.29101687500224,S4,fetch_price_list,005930,KR,3,1,200,1,104.92
130.4758155840027,S4,fetch_stock_info_list,005930,KR,3,1,200,1,123.11
130.64283591700223,S4,fetch_price_list,005930,KR,3,1,200,1,123.47
130.78363291700225,S3,fetch_stock_info_list,XLF,US,3,1,200,1,97.5
131.14633420899918,S4,fetch_stock_info_list,325020,KR,3,1,200,1,126.96
131.3674513340011,S3,fetch_price_list,IIPR,US,3,1,200,1,181.38
131.38896904200374,S4,fetch_price_list,005930,KR,3,1,200,2,536.27
131.44022775000485,S3,fetch_stock_info_list,ARM,US,3,1,200,1,87.53
131.71425408399955,S3,fetch_search_stock_info_list,PEP,US,3,1,200,1,194.89
131.79817366700445,S3,fetch_price_list,COF-N,US,3,1,200,1,112.1
132.03139541700511,S3,fetch_stock_info_list,442320,KR,3,1,200,1,178.68
132.1297584999993,S4,fetch_price_list,005930,KR,3,1,200,1,110.39
132.36247749999893,S4,fetch_price_list,005930,KR,3,1,200,1,176.44
132.46933145900402,S3,fetch_search_stock_info_list,432320,KR,3,1,200,1,116.63
132.67969154200546,S4,fetch_stock_info_list,005930,KR,3,1,200,1,160.3
132.7871640000012,S4,fetch_price_list,005930,KR,3,1,200,1,101.13
133.06969487500464,S4,fetch_stock_info_list,005930,KR,3,1,200,1,216.99
133.13213483400614,S3,fetch_stock_info_list,TSLA,US,3,1,200,1,112.77
133.40412566700252,S3,fetch_search_stock_info_list,ARCC,US,3,1,200,1,218.09
133.43903704200056,S3,fetch_search_stock_info_list,305540,KR,3,1,200,1,86.29
133.67403062499943,S4,fetch_stock_info_list,005930,KR,3,1,200,1,154.66
133.8016985840004,S3,fetch_search_stock_info_list,PFE,US,3,1,200,1,115.58
133.9796465420004,S4,fetch_stock_info_list,005930,KR,3,1,200,1,126.94
134.15343162500358,S4,fetch_stock_info_list,371460,KR,3,1,200,1,134.06
134.26027779200376,S4,fetch_price_list,005930,KR,3,1,200,1,74.25
134.49673933400481,S3,fetch_stock_info_list,379780,KR,3,1,200,1,144.04
134.59959362500376,S4,fetch_price_list,005930,KR,3,1,200,1,80.22
134.89791908400366,S4,fetch_stock_info_list,005930,KR,3,1,200,1,211.88
135.03202299999975,S4,fetch_stock_info_list,005930,KR,3,1,200,1,179.25
135.19194550000248,S3,fetch_price_list,XLE,US,3,1,200,1,172.5
135.40168570900278,S3,fetch_stock_info_list,482730,KR,3,1,200,1,215.64
135.47970650000207,S3,fetch_price_list,442320,KR,3,1,200,1,127.01
135.72618858400529,S4,fetch_stock_info_list,005930,KR,3,1,200,1,206.81
135.8825315840004,S3,fetch_search_stock_info_list,055550,KR,3,1,200,1,196.5
136.02561687500565,S3,fetch_search_stock_info_list,ARCC,US,3,1,200,1,172.87
136.14535520900245,S3,fetch_price_list,AAPL,US,3,1,200,1,125.98
136.3620719169994,S3,fetch_stock_info_list,085620,KR,3,1,200,1,176.03
136.4564712499996,S3,fetch_price_list,385540,KR,3,1,200,1,103.75
136.69165220900322,S3,fetch_search_stock_info_list,494670,KR,3,1,200,1,172.28
136.76176533400576,S3,fetch_stock_info_list,T,US,3,1,200,1,75.73
137.04523954199976,S3,fetch_search_stock_info_list,385540,KR,3,1,200,1,192.54
137.15954454200255,S4,fetch_price_list,272210,KR,3,1,200,1,140.18
137.33773845900578,S4,fetch_stock_info_list,005930,KR,3,1,200,1,151.61
137.46816516700346,S4,fetch_price_list,005930,KR,3,1,200,1,115.46
137.71874220899917,S4,fetch_stock_info_list,005930,KR,3,1,200,1,199.36
137.83501600000454,S3,fetch_stock_info_list,403870,KR,3,1,200,1,148.95
138.05629950000002,S3,fetch_search_stock_info_list,COF-N,US,3,1,200,1,203.6
138.19720437499927,S3,fetch_stock_info_list,461260,KR,3,1,200,1,177.8
138.36151204199996,S4,fetch_price_list,005930,KR,3,1,200,1,175.45
138.52509554200515,S4,fetch_price_list,005930,KR,3,1,200,1,172.39
138.6288455419999,S4,fetch_price_list,354350,KR,3,1,200,1,109.48
138.8310118340014,S3,fetch_price_list,COF-N,US,3,1,200,1,144.9
138.95419195900467,S4,fetch_stock_info_list,005930,KR,3,1,200,1,101.44
139.12402037500578,S3,fetch_search_stock_info_list,085620,KR,3,1,200,1,104.65
139.39291175000108,S4,fetch_stock_info_list,005930,KR,3,1,200,1,206.88
139.57318304200453,S3,fetch_search_stock_info_list,000270,KR,3,1,200,1,220.48
139.67581462499948,S3,fetch_price_list,219480,KR,3,1,200,1,156.45
139.77075779200095,S3,fetch_price_list,442320,KR,3,1,200,1,84.72
140.01902816700022,S4,fetch_price_list,005930,KR,3,1,200,1,166.33
140.37949966700398,S3,fetch_search_stock_info_list,001440,KR,3,1,200,1,193.43
140.48634583400417,S4,fetch_stock_info_list,005930,KR,3,1,200,1,133.59
140.5657923750041,S4,fetch_price_list,228790,KR,3,1,200,2,546.42
140.70115450000594,S3,fetch_search_stock_info_list,330590,KR,3,1,200,1,181.7
140.8156654590057,S3,fetch_stock_info_list,091180,KR,3,1,200,1,129.63
140.9684101669991,S3,fetch_stock_info_list,067310,KR,3,1,200,1,115.71
141.14316183399933,S4,fetch_stock_info_list,005930,KR,3,1,200,1,123.77
141.37264554200374,S3,fetch_stock_info_list,069620,KR,3,1,200,1,186.57
141.47673508400476,S4,fetch_price_list,005930,KR,3,1,200,1,124.03
141.65250562500296,S4,fetch_price_list,005930,KR,3,1,200,1,133.14
141.82019825000316,S3,fetch_stock_info_list,030200,KR,3,1,200,1,134.14
141.94664962500246,S4,fetch_stock_info_list,005930,KR,3,1,200,1,93.77
142.16387504200247,S4,fetch_price_list,005930,KR,3,1,200,1,144.47
142.32627754200075,S4,fetch_price_list,005930,KR,3,1,200,1,140.2
142.48492345900013,S4,fetch_price_list,005930,KR,3,1,200,1,132.2
142.7155727499994,S3,fetch_search_stock_info_list,494670,KR,3,1,200,1,196.21
143.0348235000056,S4,fetch_stock_info_list,005930,KR,3,1,200,1,182.12
143.19537837499956,S4,fetch_price_list,005930,KR,3,1,200,2,509.35
143.2228000000032,S3,fetch_price_list,ARM,US,3,1,200,1,203.36
143.3397966670018,S3,fetch_search_stock_info_list,330590,KR,3,1,200,1,153.73
143.49927770900103,S4,fetch_price_list,005930,KR,3,1,200,1,146.58
143.6351089170057,S3,fetch_price_list,009830,KR,3,1,200,1,115.74
143.76668383400101,S4,fetch_price_list,005930,KR,3,1,200,1,80.59
144.07509370900516,S4,fetch_stock_info_list,005930,KR,3,1,200,1,222.39
144.16122349999932,S4,fetch_stock_info_list,005930,KR,3,1,200,1,141.85
144.3316134170018,S4,fetch_stock_info_list,005930,KR,3,1,200,1,145.58
144.55994583400025,S4,fetch_stock_info_list,091180,KR,3,1,200,1,207.18
144.599763875005,S4,fetch_stock_info_list,005930,KR,3,1,200,1,80.34
144.8983956670054,S4,fetch_price_list,005930,KR,3,1,200,1,212.35
144.98482254199916,S4,fetch_price_list,005930,KR,3,1,200,1,132.12
145.20460375000403,S4,fetch_price_list,005930,KR,3,1,200,1,184.96
145.32668991700484,S4,fetch_stock_info_list,005930,KR,3,1,200,1,140.54
145.52020099999936,S4,fetch_price_list,442320,KR,3,1,200,1,167.5
145.66884000000573,S3,fetch_price_list,316140,KR,3,1,200,1,149.44
145.87736674999906,S4,fetch_price_list,010950,KR,3,1,200,1,191.02
145.9977510000026,S3,fetch_search_stock_info_list,COF-N,US,3,1,200,1,145.03
146.22652404200198,S3,fetch_stock_info_list,482730,KR,3,1,200,1,207.16
146.27922112500528,S4,fetch_stock_info_list,005930,KR,3,1,200,1,93.07
146.4929183339991,S4,fetch_price_list,005930,KR,3,1,200,1,140.18
146.70654641700094,S3,fetch_price_list,HPQ,US,3,1,200,1,187.17
146.87214145900361,S4,fetch_price_list,379780,KR,3,1,200,1,185.87
146.95908320900344,S4,fetch_price_list,005930,KR,3,1,200,1,106.19
147.13078362500528,S3,fetch_search_stock_info_list,033640,KR,3,1,200,1,111.3
147.29246625000087,S3,fetch_price_list,033780,KR,3,1,200,1,106.42
147.43009050000546,S3,fetch_stock_info_list,365340,KR,3,1,200,1,77.3
147.59519837500557,S3,fetch_search_stock_info_list,XLF,US,3,1,200,1,75.82
147.87687691700557,S4,fetch_stock_info_list,294400,KR,3,1,200,1,190.83
148.01188808400184,S4,fetch_stock_info_list,005930,KR,3,1,200,1,159.18
148.12107316699985,S3,fetch_search_stock_info_list,OXY,US,3,1,200,1,101.51
148.39423220900062,S3,fetch_price_list,PLTR,US,3,1,200,1,207.97
148.56197191699903,S3,fetch_price_list,329200,KR,3,1,200,1,209.27
148.5990419170048,S4,fetch_price_list,005930,KR,3,1,200,1,79.66
148.80667729199922,S3,fetch_stock_info_list,001450,KR,3,1,200,1,120.59
149.03287354200438,S4,fetch_price_list,438560,KR,3,1,200,1,179.92
149.23840924999968,S4,fetch_price_list,005930,KR,3,1,200,1,218.88
149.26112941700558,S4,fetch_stock_info_list,005930,KR,3,1,200,1,75.07
149.5332887090044,S3,fetch_search_stock_info_list,461260,KR,3,1,200,1,180.56
149.6985423340011,S3,fetch_search_stock_info_list,PFE,US,3,1,200,1,179.17
149.8043129170037,S4,fetch_price_list,448300,KR,3,1,200,1,118.28
149.9480817500007,S4,fetch_stock_info_list,005930,KR,3,1,200,1,95.31
150.16342941699986,S4,fetch_stock_info_list,086790,KR,3,1,200,1,144.06
150.3382009170018,S4,fetch_stock_info_list,364980,KR,3,1,200,1,152.17
150.49999925000157,S3,fetch_price_list,457480,KR,3,1,200,1,147.29
150.73264408400428,S4,fetch_price_list,005930,KR,3,1,200,1,213.25
150.82756225000048,S4,fetch_stock_info_list,005930,KR,3,1,200,1,141.45
151.05071404200135,S4,fetch_price_list,005930,KR,3,1,200,1,197.93
151.20187958400493,S3,fetch_price_list,PEP,US,3,1,200,1,182.11
151.4056707500058,S3,fetch_stock_info_list,001450,KR,3,1,200,1,219.5
151.44603029200516,S4,fetch_price_list,001440,KR,3,1,200,1,93.33
151.62260287500249,S4,fetch_stock_info_list,153130,KR,3,1,200,1,103.23
151.83342333399924,S4,fetch_stock_info_list,005930,KR,3,1,200,1,147.39
152.02639987500152,S4,fetch_price_list,005930,KR,3,1,200,1,173.56
152.1310566250031,S3,fetch_stock_info_list,442320,KR,3,1,200,1,111.69
152.2719445420007,S4,fetch_price_list,005930,KR,3,1,200,1,85.53
152.5288787919999,S3,fetch_stock_info_list,035720,KR,3,1,200,1,176.04
152.73400754199974,S3,fetch_search_stock_info_list,482730,KR,3,1,200,1,214.64
152.86870837500464,S4,fetch_price_list,433980,KR,3,1,200,1,182.46
152.97444575000554,S4,fetch_price_list,005930,KR,3,1,200,1,121.74
153.10605441700318,S3,fetch_search_stock_info_list,NVO,US,3,1,200,1,86.6
153.40493637500185,S4,fetch_stock_info_list,005930,KR,3,1,200,1,218.9
153.4656337090055,S3,fetch_stock_info_list,482730,KR,3,1,200,1,112.93
153.61161320900283,S4,fetch_stock_info_list,005930,KR,3,1,200,1,92.24
153.83153204200062,S3,fetch_stock_info_list,NVO,US,3,1,200,1,145.36
154.0720115840013,S3,fetch_stock_info_list,AMZN,US,3,1,200,1,219.23
154.22599304200412,S3,fetch_search_stock_info_list,091180,KR,3,1,200,1,206.55
154.28580779200274,S4,fetch_price_list,005930,KR,3,1,200,1,99.57
154.4847362090004,S3,fetch_search_stock_info_list,PFE,US,3,1,200,1,132.03
154.70939487500436,S4,fetch_price_list,005930,KR,3,1,200,1,190.03
154.90121550000185,S4,fetch_price_list,005930,KR,3,1,200,1,215.01
154.99241854200227,S4,fetch_stock_info_list,005930,KR,3,1,200,1,139.67
155.14546845899895,S4,fetch_stock_info_list,005930,KR,3,1,200,1,126.1
155.39453887499985,S3,fetch_stock_info_list,153130,KR,3,1,200,1,208.5
155.5759981670053,S4,fetch_stock_info_list,005930,KR,3,1,200,1,222.79
155.60905016700417,S3,fetch_search_stock_info_list,001450,KR,3,1,200,1,89.34
155.77239774999907,S3,fetch_price_list,432320,KR,3,1,200,1,86.29
155.93490245900466,S3,fetch_price_list,ARM,US,3,1,200,1,82.19
156.16063404200395,S3,fetch_search_stock_info_list,272210,KR,3,1,200,1,141.26
156.30279525000515,S3,fetch_price_list,487240,KR,3,1,200,1,116.74
156.43421600000147,S4,fetch_stock_info_list,005930,KR,3,1,200,1,81.27
156.63444958400214,S3,fetch_price_list,465580,KR,3,1,200,1,114.99
156.85596929200256,S4,fetch_price_list,305720,KR,3,1,200,1,169.6
157.07255345900194,S3,fetch_price_list,MU,US,3,1,200,1,219.85
157.14677070900507,S3,fetch_price_list,379780,KR,3,1,200,1,127.4
157.3931720000037,S4,fetch_price_list,005930,KR,3,1,200,1,206.98
157.57359837500553,S4,fetch_stock_info_list,005930,KR,3,1,200,1,220.89
157.62216250000347,S3,fetch_price_list,453810,KR,3,1,200,1,102.6
157.85646529200312,S3,fetch_price_list,494670,KR,3,1,200,1,170.4
158.01203600000008,S4,fetch_stock_info_list,005930,KR,3,1,200,1,159.33
158.0989807090009,S3,fetch_search_stock_info_list,PFE,US,3,1,200,1,79.51
158.36759266700392,S4,fetch_price_list,005930,KR,3,1,200,1,181.55
158.47776012500253,S4,fetch_stock_info_list,005930,KR,3,1,200,1,124.86
158.72338554200542,S3,fetch_price_list,267250,KR,3,1,200,1,204.02
158.8935973750049,S4,fetch_price_list,005930,KR,3,1,200,1,207.54
159.04475379200449,S3,fetch_stock_info_list,035720,KR,3,1,200,1,191.96
159.2270615840025,S4,fetch_stock_info_list,005930,KR,3,1,200,1,207.16
159.30951112500043,S4,fetch_stock_info_list,446720,KR,3,1,200,1,122.75
159.43130429200392,S4,fetch_stock_info_list,429000,KR,3,1,200,1,78.49
159.71064704200398,S4,fetch_price_list,005930,KR,3,1,200,1,190.72
159.82310795900412,S4,fetch_stock_info_list,005930,KR,3,1,200,1,136.82
159.9764110420001,S3,fetch_price_list,OXY,US,3,1,200,1,123.69
160.18566258400097,S4,fetch_price_list,005930,KR,3,1,200,1,166.08
160.35362383400206,S4,fetch_price_list,005930,KR,3,1,200,1,167.4
160.57165179200092,S3,fetch_price_list,WBTN,US,3,1,200,1,218.22
160.6257867500026,S4,fetch_stock_info_list,005930,KR,3,1,200,1,106.39
160.83577270900423,S4,fetch_stock_info_list,005930,KR,3,1,200,1,149.33
160.9884875839998,S4,fetch_price_list,371160,KR,3,1,200,1,135.02
161.1805002090041,S4,fetch_stock_info_list,035720,KR,3,1,200,1,160.34
161.40921062500274,S3,fetch_stock_info_list,465580,KR,3,1,200,1,223.1
161.44380237500445,S4,fetch_price_list,005930,KR,3,1,200,1,90.71
161.62904175000585,S3,fetch_stock_info_list,010955,KR,3,1,200,1,109.52
161.82882433399936,S4,fetch_price_list,005930,KR,3,1,200,1,142.79
161.931240083999,S3,fetch_stock_info_list,001440,KR,3,1,200,1,78.45
162.232208292,S4,fetch_stock_info_list,360200,KR,3,1,200,1,212.83
162.2783811670015,S3,fetch_price_list,379780,KR,3,1,200,1,92.34
162.5124577500028,S3,fetch_stock_info_list,436140,KR,3,1,200,1,159.22
162.70989750000444,S4,fetch_stock_info_list,005930,KR,3,1,200,1,190.11
162.83992950000538,S4,fetch_stock_info_list,005930,KR,3,1,200,1,152.97
163.06238283400307,S4,fetch_price_list,139130,KR,3,1,200,1,209.66
163.2159812500031,S4,fetch_stock_info_list,005930,KR,3,1,200,1,196.56
163.2800957090003,S3,fetch_price_list,436140,KR,3,1,200,1,94.0
163.47656012500374,S4,fetch_stock_info_list,005930,KR,3,1,200,1,123.76
163.6510955420017,S3,fetch_search_stock_info_list,000370,KR,3,1,200,1,131.59
163.90487745900464,S4,fetch_price_list,033640,KR,3,1,200,1,218.83
164.04100916700554,S4,fetch_stock_info_list,009830,KR,3,1,200,1,187.93
164.14697941700433,S4,fetch_price_list,005930,KR,3,1,200,1,127.21
164.27646983400336,S3,fetch_search_stock_info_list,005940,KR,3,1,200,1,90.25
164.51363720900554,S4,fetch_price_list,005930,KR,3,1,200,1,160.58
164.70561212500616,S4,fetch_stock_info_list,139220,KR,3,1,200,1,185.91
164.88991600000008,S4,fetch_price_list,005930,KR,3,1,200,1,203.31
165.00622204200045,S4,fetch_price_list,006800,KR,3,1,200,1,152.73
165.13736529200105,S2,fetch_stock_info_list,219480,KR,3,1,200,1,117.76
165.26980820899917,S4,fetch_stock_info_list,395290,KR,3,1,200,1,83.28
165.55943045900494,S4,fetch_stock_info_list,005930,KR,3,1,200,1,206.49
165.708358459,S4,fetch_price_list,005930,KR,3,1,200,1,187.91
165.89389133400255,S4,fetch_stock_info_list,005930,KR,3,1,200,1,207.52
166.04475283400097,S3,fetch_stock_info_list,MU,US,3,1,200,1,191.62
